"","freq_housing_mean","Stats","freq_loan_mean"
"1",7.14755824667632,"min",0.920951650038373
"2",18.936306202013,"1stQ",4.49326331143689
"3",34.7395111859051,"Median",14.5874271464652
"4",78.7203082013075,"Mean",23.3162128904785
"5",65.8976747887493,"ThirdQ",22.8185694590171
"6",314.593140551446,"Max",84.2636180228648
